INSERT INTO USERS (USER_ID, USERNAME, PASSWORD, EMAIL, FULL_NAME, ROLE) VALUES 
(1, 'john_doe', 'pass123', 'john.doe@example.com', 'John Doe', 'buyer'),
(2, 'jane_green', 'pass456', 'jane.green@example.com', 'Jane Green', 'seller'),
(3, 'mike_smith', 'pass789', 'mike.smith@example.com', 'Mike Smith', 'buyer'),
(4, 'alice_jones', 'pass321', 'alice.jones@example.com', 'Alice Jones', 'seller'),
(5, 'bob_white', 'pass654', 'bob.white@example.com', 'Bob White', 'buyer'),
(6, 'charlie_black', 'pass987', 'charlie.black@example.com', 'Charlie Black', 'both'),
(7, 'emily_green', 'pass159', 'emily.green@example.com', 'Emily Green', 'buyer'),
(8, 'david_blue', 'pass753', 'david.blue@example.com', 'David Blue', 'seller'),
(9, 'lucy_red', 'pass258', 'lucy.red@example.com', 'Lucy Red', 'buyer'),
(10, 'frank_yellow', 'pass456', 'frank.yellow@example.com', 'Frank Yellow', 'both'),
(11, 'susan_orange', 'pass101', 'susan.orange@example.com', 'Susan Orange', 'seller'),
(12, 'paul_purple', 'pass202', 'paul.purple@example.com', 'Paul Purple', 'buyer'),
(13, 'diana_brown', 'pass303', 'diana.brown@example.com', 'Diana Brown', 'both'),
(14, 'luke_silver', 'pass404', 'luke.silver@example.com', 'Luke Silver', 'buyer'),
(15, 'laura_gold', 'pass505', 'laura.gold@example.com', 'Laura Gold', 'seller'),
(16, 'nathan_gray', 'pass606', 'nathan.gray@example.com', 'Nathan Gray', 'buyer'),
(17, 'olivia_violet', 'pass707', 'olivia.violet@example.com', 'Olivia Violet', 'both'),
(18, 'james_cyan', 'pass808', 'james.cyan@example.com', 'James Cyan', 'seller'),
(19, 'karen_pink', 'pass909', 'karen.pink@example.com', 'Karen Pink', 'buyer'),
(20, 'tom_amber', 'pass000', 'tom.amber@example.com', 'Tom Amber', 'seller');

INSERT INTO PRODUCTS (PRODUCT_ID, PRODUCT_NAME, DESCRIPTION, PRICE, CATEGORY_ID, SELLER_ID) VALUES
(1, 'Laptop', 'High-performance laptop.', 1200.50, 1, 2),
(2, 'T-shirt', 'Cotton t-shirt, available in all sizes', 25.00, 2, 3),
(3, 'Sofa', 'Comfortable sofa for living rooms', 499.99, 3, 4),
(4, 'Smartphone', 'Latest model, 128GB storage', 899.99, 1, 5),
(5, 'Headphones', 'Noise-cancelling wireless headphones', 199.99, 2, 6),
(6, 'Watch', 'Smartwatch with fitness tracking features', 250.00, 3, 7),
(7, 'Table', 'Wooden dining table for four people', 299.99, 3, 8),
(8, 'Chair', 'Ergonomic office chair', 120.00, 3, 9),
(9, 'Blender', 'High-speed blender for smoothies', 75.00, 1, 10),
(10, 'Shoes', 'Running shoes, lightweight and durable', 60.00, 2, 3),
(11, 'Laptop', 'High-performance laptop.', 1200.50, 1, 1),
(12, 'Table', 'Not satisfised!', 1000.00, 3, 1),
(13, 'Pants', 'Good product!', 250.00, 2, 1),
(14, 'Gaming Console', 'Next-gen console with 4K support', 499.99, 1, 11),
(15, 'Leather Jacket', 'Stylish and durable leather jacket', 150.00, 2, 12),
(16, 'Bookshelf', 'Spacious wooden bookshelf', 120.00, 3, 13),
(17, 'Action Camera', 'Waterproof action camera with 4K recording', 299.99, 1, 14),
(18, 'Winter Boots', 'Warm and comfortable boots', 80.00, 2, 15),
(19, 'Office Desk', 'Adjustable height office desk', 250.00, 3, 16),
(20, 'Wireless Speaker', 'Portable speaker with excellent sound', 120.99, 1, 17),
(21, 'Yoga Mat', 'Non-slip yoga mat', 25.00, 8, 18),
(22, 'Diamond Ring', 'Elegant diamond ring in gold', 1200.00, 9, 19),
(23, 'Car Charger', 'Fast-charging car adapter', 15.99, 10, 20),
(24, 'Sneakers', 'Comfortable running sneakers', 65.00, 2, 11),
(25, 'Smart Thermostat', 'Energy-efficient home thermostat', 199.99, 1, 13),
(26, 'Board Game', 'Exciting strategy board game', 40.00, 4, 14),
(27, 'Lipstick Set', 'Matte lipstick in various shades', 25.00, 6, 15),
(28, 'Electric Kettle', 'Quick-boiling stainless steel kettle', 45.00, 7, 16);

INSERT INTO REVIEWS (REVIEW_ID, USER_ID, PRODUCT_ID, RATING, COMMENT) VALUES
(1, 1, 1, 5, 'Excellent quality, very satisfied!'),
(2, 2, 2, 4, 'Good product, but delivery was delayed.'),
(3, 3, 1, 3, 'The product is decent, but could be better.'),
(4, 4, 3, 5, 'Highly recommend!'),
(5, 5, 2, 4, 'The fabric could be softer.'),
(6, 6, 4, 2, 'Not as described, disappointed.'),
(7, 7, 1, 4, 'Good laptop, but I wish it had better battery life.'),
(8, 8, 3, 5, 'Very comfortable and stylish sofa, love it!'),
(9, 9, 2, 5, 'Amazing t-shirt, perfect fit!'),
(10, 10, 1, 4, 'Great product, but I expected faster shipping.'),
(11, 1, 1, 5, 'Good quality'),
(12, 1, 5, 4, 'Good, i am satisfied!'),
(13, 8, 5, 3, 'OK, it is not bad'),
(14, 5, 5, 5, 'Excellent!'),
(15, 2, 5, 1, 'I am dissapointed!'),
(16, 1, 6, 4, 'Good!'),
(17, 5, 6, 5, 'Amazing!'),
(18, 3, 15, 5, 'Great fit and excellent material.'),
(19, 4, 14, 4, 'The console is good, but the controller feels cheap.'),
(20, 6, 16, 5, 'Perfect addition to my living room.'),
(21, 7, 17, 3, 'The camera is decent but lacks some features.'),
(22, 8, 18, 4, 'Warm and comfortable for winter.'),
(23, 9, 19, 5, 'Sturdy desk, exactly what I needed.'),
(24, 10, 20, 4, 'Great sound for its size.'),
(25, 2, 21, 5, 'Good quality and great for workouts.'),
(26, 3, 22, 5, 'Beautiful and elegant piece of jewelry.'),
(27, 4, 23, 3, 'Charges fast but feels a bit flimsy.'),
(28, 5, 24, 4, 'Stylish and lightweight.'),
(29, 6, 25, 5, 'Helps save energy and is very convenient.'),
(30, 7, 26, 5, 'Fun and engaging game for the whole family.'),
(31, 8, 27, 4, 'Beautiful colors and long-lasting.'),
(32, 9, 28, 5, 'Boils water quickly and efficiently.');

INSERT INTO ORDERS (ORDER_ID, USER_ID, ORDER_DATE, STATUS, TOTAL_PRICE) VALUES
(1, 1, '2024-11-01', 'Completed', 1200.50),
(2, 2, '2024-11-02', 'Pending', 400.00),
(3, 3, '2024-11-05', 'Completed', 350.75),
(4, 4, '2024-11-06', 'Cancelled', 550.00),
(5, 5, '2024-11-07', 'Pending', 120.99),
(6, 6, '2024-11-08', 'Completed', 780.00),
(7, 7, '2024-11-09', 'Shipped', 200.25),
(8, 8, '2024-11-10', 'Completed', 899.99),
(9, 9, '2024-11-12', 'Shipped', 1450.75),
(10, 10, '2024-11-15', 'Pending', 320.50),
(11, 1, '2024-10-14', 'Shipped', 100.00),
(12, 1, '2024-10-14', 'Completed', 200.00),
(13, 11, '2024-11-20', 'Completed', 299.99),
(14, 12, '2024-11-21', 'Pending', 150.00),
(15, 13, '2024-11-22', 'Cancelled', 120.00),
(16, 14, '2024-11-23', 'Shipped', 499.99),
(17, 15, '2024-11-24', 'Completed', 80.00),
(18, 16, '2024-11-25', 'Pending', 250.00),
(19, 17, '2024-11-26', 'Completed', 120.99),
(20, 18, '2024-11-27', 'Shipped', 25.00),
(21, 19, '2024-11-28', 'Completed', 1200.00),
(22, 20, '2024-11-29', 'Pending', 15.99),
(23, 11, '2024-12-01', 'Completed', 65.00),
(24, 12, '2024-12-02', 'Shipped', 199.99),
(25, 13, '2024-12-03', 'Cancelled', 40.00),
(26, 14, '2024-12-04', 'Completed', 25.00),
(27, 15, '2024-12-05', 'Shipped', 45.00),
(28, 1, '2024-12-06', 'Completed', 520.00),
(29, 2, '2024-12-07', 'Shipped', 150.50),
(30, 3, '2024-12-08', 'Pending', 450.75),
(31, 4, '2024-12-09', 'Completed', 799.99),
(32, 5, '2024-12-10', 'Shipped', 180.99),
(33, 6, '2024-12-11', 'Cancelled', 350.00),
(34, 7, '2024-12-12', 'Pending', 99.99),
(35, 8, '2024-12-13', 'Completed', 750.00),
(36, 9, '2024-12-14', 'Shipped', 1000.00),
(37, 10, '2024-12-15', 'Completed', 430.00),
(38, 11, '2025-01-05', 'Pending', 180.00),
(39, 12, '2025-01-06', 'Completed', 890.00),
(40, 13, '2025-01-07', 'Cancelled', 200.00),
(41, 14, '2025-01-08', 'Shipped', 305.00),
(42, 15, '2025-01-09', 'Completed', 115.00),
(43, 16, '2025-02-10', 'Pending', 215.00),
(44, 17, '2025-02-11', 'Shipped', 305.00),
(45, 18, '2025-02-12', 'Completed', 540.50),
(46, 19, '2025-02-13', 'Completed', 280.00),
(47, 20, '2025-02-14', 'Shipped', 370.00),
(48, 1, '2025-03-15', 'Completed', 420.00),
(49, 2, '2025-03-16', 'Shipped', 150.00),
(50, 3, '2025-03-17', 'Completed', 300.00),
(51, 4, '2025-03-18', 'Pending', 120.00),
(52, 5, '2025-03-19', 'Shipped', 180.00),
(53, 6, '2025-04-20', 'Completed', 240.00),
(54, 7, '2025-04-21', 'Shipped', 600.00),
(55, 8, '2025-04-22', 'Completed', 440.00),
(56, 9, '2025-04-23', 'Pending', 125.00),
(57, 10, '2025-04-24', 'Completed', 330.00),
(58, 11, '2025-05-05', 'Completed', 100.00),
(59, 12, '2025-05-06', 'Shipped', 250.50),
(60, 13, '2025-05-07', 'Completed', 155.75),
(61, 14, '2025-05-08', 'Pending', 425.00),
(62, 15, '2025-05-09', 'Shipped', 650.00),
(63, 16, '2025-05-10', 'Cancelled', 200.00),
(64, 17, '2025-06-10', 'Completed', 275.00),
(65, 18, '2025-06-11', 'Shipped', 400.00),
(66, 19, '2025-06-12', 'Completed', 600.00),
(67, 20, '2025-06-13', 'Pending', 350.00),
(68, 1, '2025-06-14', 'Completed', 200.00),
(69, 2, '2025-06-15', 'Shipped', 500.00),
(70, 3, '2025-07-01', 'Completed', 220.00),
(71, 4, '2025-07-02', 'Pending', 150.00),
(72, 5, '2025-07-03', 'Completed', 1000.00),
(73, 6, '2025-07-04', 'Shipped', 350.00),
(74, 7, '2025-07-05', 'Cancelled', 400.00),
(75, 8, '2025-07-06', 'Completed', 500.00);

INSERT INTO SHOPPING_CART (CART_ID, USER_ID, STATUS) VALUES
(1, 1, 'active'),
(2, 2, 'abandoned'),
(3, 3, 'active'),
(4, 4, 'active'),
(5, 5, 'abandoned'),
(6, 6, 'active'),
(7, 7, 'active'),
(8, 8, 'active'),
(9, 9, 'abandoned'),
(10, 10, 'active'),
(11, 11, 'active'),
(12, 12, 'abandoned'),
(13, 13, 'active'),
(14, 14, 'active'),
(15, 15, 'active'),
(16, 16, 'abandoned'),
(17, 17, 'active'),
(18, 18, 'active'),
(19, 19, 'abandoned'),
(20, 20, 'active');

INSERT INTO CATEGORIES (CATEGORY_ID, CATEGORY_NAME, DESCRIPTION) VALUES
(1, 'Electronics', 'Devices like phones, laptops, and gadgets'),
(2, 'Clothing', 'Fashion items including apparel and accessories'),
(3, 'Furniture', 'Furniture for home and office'),
(4, 'Toys', 'Kids toys and games'),
(5, 'Books', 'Books of various genres'),
(6, 'Beauty', 'Beauty and personal care products'),
(7, 'Food', 'Groceries and gourmet food items'),
(8, 'Sports', 'Sports equipment and accessories'),
(9, 'Jewelry', 'Gold, silver, and precious stone jewelry'),
(10, 'Automotive', 'Car accessories and parts'),
(11, 'Gardening', 'Gardening tools and accessories'),
(12, 'Health', 'Healthcare products and supplements'),
(13, 'Music', 'Musical instruments and accessories'),
(14, 'Pet Supplies', 'Products for pet care and grooming'),
(15, 'Baby', 'Baby clothing, toys, and accessories'),
(16, 'Travel', 'Luggage, bags, and travel accessories'),
(17, 'Stationery', 'Office and school supplies'),
(18, 'Electronics', 'Updated category with more devices'),
(19, 'Art', 'Painting supplies and tools'),
(20, 'Fitness', 'Fitness equipment and accessories');

INSERT INTO PAYMENTS (PAYMENT_ID, PAYMENT_METHOD, AMOUNT, DATE, ORDER_ID) VALUES
(1, 'Credit Card', 1200.50, '2024-11-02', 1),
(2, 'PayPal', 400.00, '2024-11-03', 2),
(3, 'Credit Card', 350.75, '2024-11-06', 3),
(4, 'Bank Transfer', 550.00, '2024-11-07', 4),
(5, 'Credit Card', 120.99, '2024-11-08', 5),
(6, 'PayPal', 780.00, '2024-11-10', 6),
(7, 'Bank Transfer', 200.25, '2024-11-12', 7),
(8, 'Credit Card', 899.99, '2024-11-13', 8),
(9, 'PayPal', 1450.75, '2024-11-14', 9),
(10, 'Credit Card', 320.50, '2024-11-16', 10),
(11, 'PayPal', 299.99, '2024-11-21', 13),
(12, 'Credit Card', 150.00, '2024-11-22', 14),
(13, 'Bank Transfer', 120.00, '2024-11-23', 15),
(14, 'Credit Card', 499.99, '2024-11-24', 16),
(15, 'PayPal', 80.00, '2024-11-25', 17),
(16, 'Credit Card', 250.00, '2024-11-26', 18),
(17, 'Bank Transfer', 120.99, '2024-11-27', 19),
(18, 'Credit Card', 25.00, '2024-11-28', 20),
(19, 'PayPal', 1200.00, '2024-11-29', 21),
(20, 'Credit Card', 15.99, '2024-11-30', 22),
(21, 'Bank Transfer', 65.00, '2024-12-01', 23),
(22, 'PayPal', 199.99, '2024-12-02', 24),
(23, 'Credit Card', 40.00, '2024-12-03', 25),
(24, 'PayPal', 25.00, '2024-12-04', 26),
(25, 'Credit Card', 45.00, '2024-12-05', 27);

INSERT INTO CART_ITEMS (CART_ID, PRODUCT_ID, QUANTITY) VALUES
(1, 1, 1),
(1, 2, 2),
(2, 3, 1),
(3, 4, 3),
(4, 5, 2),
(5, 6, 1),
(6, 7, 2),
(7, 8, 1),
(8, 9, 2),
(9, 10, 1),
(11, 14, 1),
(11, 15, 2),
(12, 16, 1),
(13, 17, 3),
(14, 18, 2),
(15, 19, 1),
(16, 20, 2),
(17, 21, 1),
(18, 22, 2),
(19, 23, 1),
(20, 24, 1),
(11, 25, 1),
(12, 26, 1),
(13, 27, 1),
(14, 28, 1);

INSERT INTO ORDER_PRODUCTS (ORDER_ID, PRODUCT_ID, QUANTITY) VALUES
(1, 1, 2),
(1, 2, 1),
(2, 3, 3),
(13, 14, 1),
(14, 15, 1),
(15, 16, 2),
(16, 17, 3),
(17, 18, 1),
(18, 19, 2),
(19, 20, 1),
(20, 21, 1),
(21, 22, 1),
(22, 23, 2),
(23, 24, 1),
(24, 25, 1),
(25, 26, 1),
(26, 27, 1),
(27, 28, 1);